;I1;I2;I3;I4;I5;I6;I7;I8;I9;I10;M1;M2;M3;M4;M5;M6;M7;M8;M9;M10;Resultado
0;3.26;6.56;3.97;5.23;1.06;5.23;3.76;4.49;5.70;6.46;7.71;5.58;8.19;2.25;5.68;4.44;7.64;4.44;7.57;7.50;0
1;4.13;7.38;3.46;4.92;4.45;4.92;3.52;5.64;6.22;4.37;5.96;7.60;7.16;7.55;5.85;5.26;7.38;5.26;6.91;6.00;0
2;1.12;6.19;2.03;6.02;7.82;6.02;2.05;4.07;8.11;2.04;3.12;7.58;5.67;2.66;4.08;6.38;6.06;6.38;4.52;4.99;0
3;5.03;6.71;1.87;6.44;7.81;6.44;6.30;4.27;8.07;6.44;3.56;7.92;6.22;6.28;3.79;7.06;6.41;7.06;4.48;4.52;0
4;8.95;6.39;5.13;4.13;0.20;4.13;4.87;5.45;4.44;3.16;8.50;5.26;7.84;6.87;6.52;3.48;7.40;3.48;8.07;7.66;0
5;6.97;4.14;3.03;6.32;2.87;6.32;4.38;2.02;7.23;7.89;5.42;3.86;6.59;4.10;3.57;4.81;5.78;4.81;4.96;7.29;1
6;3.93;6.08;2.71;5.98;8.59;5.98;2.45;4.96;7.12;3.62;3.58;7.54;5.26;3.32;3.41;7.13;5.39;7.13;3.41;3.39;0
7;7.12;7.81;4.39;3.97;0.95;3.97;3.19;6.00;5.21;3.50;7.93;7.01;8.32;5.69;7.53;3.57;8.48;3.57;9.28;8.02;0
8;2.23;4.50;4.38;4.89;3.68;4.89;4.49;4.14;5.59;7.62;5.81;4.59;5.70;4.31;4.46;4.42;5.28;4.42;4.97;6.13;0
9;2.63;5.23;4.29;5.60;4.78;5.60;6.29;4.89;5.27;5.86;6.24;5.32;6.07;4.15;3.51;6.06;5.32;6.06;4.02;4.30;1
10;2.51;5.91;5.72;4.56;4.10;4.56;2.00;6.87;3.37;2.71;7.81;5.69;6.18;5.32;4.31;5.85;5.41;5.85;4.52;3.47;1
11;6.85;4.16;5.76;4.29;4.03;4.29;7.37;5.53;3.83;6.26;6.71;4.23;5.01;4.29;4.09;4.71;4.33;4.71;3.92;4.47;0
12;4.79;1.95;5.97;5.54;2.49;5.54;2.28;3.45;3.70;4.18;7.39;1.28;4.95;5.36;1.91;5.02;3.08;5.02;2.05;4.47;1
13;5.27;5.85;3.67;5.42;5.95;5.42;5.85;5.07;6.05;5.73;5.22;6.47;5.88;6.77;4.10;6.03;5.70;6.03;4.48;4.49;0
14;2.61;6.02;3.80;6.89;2.46;6.89;7.97;4.18;5.46;5.77;8.04;4.95;8.19;3.82;2.97;6.89;6.64;6.89;4.78;4.82;0
15;4.56;3.98;3.67;4.56;4.85;4.56;4.16;3.33;6.83;0.00;3.91;4.82;4.74;6.11;4.96;3.59;4.99;3.59;5.11;7.13;1
16;4.36;6.48;2.45;6.76;2.94;6.76;3.36;3.22;7.36;1.50;6.31;5.94;8.22;4.60;4.15;5.99;7.51;5.99;6.21;6.74;0
17;3.81;4.77;3.88;2.45;5.14;2.45;2.42;4.44;7.04;3.84;2.75;6.35;3.97;6.53;7.88;1.34;5.66;1.34;7.52;8.99;1
18;2.95;2.84;4.74;3.42;6.56;3.42;2.87;4.21;5.85;6.67;3.01;4.47;2.72;5.71;4.92;3.06;3.32;3.06;3.77;6.01;0
19;9.97;4.38;2.98;4.50;5.71;4.50;3.35;3.16;7.74;4.01;2.88;5.66;4.60;7.29;5.44;3.46;5.34;3.46;5.56;7.58;0
20;4.31;7.10;4.03;4.51;4.47;4.51;3.61;6.08;5.58;3.98;6.18;7.35;6.76;7.68;5.89;5.06;6.96;5.06;6.64;5.65;0
21;4.37;5.81;1.30;8.30;5.55;8.30;4.73;2.11;8.59;4.34;4.78;5.89;7.59;5.26;1.95;7.88;6.56;7.88;3.77;5.04;0
22;3.92;5.48;4.43;5.10;3.01;5.10;4.40;4.75;5.24;6.05;6.84;5.15;6.67;6.08;4.64;4.92;6.08;4.92;5.58;5.89;0
23;6.64;5.29;5.83;2.95;3.74;2.95;7.40;6.51;3.93;5.41;6.41;5.62;5.09;4.85;6.33;3.30;5.35;3.30;6.12;5.88;1
24;2.71;5.23;2.90;4.69;5.75;4.69;8.40;3.75;7.58;2.04;3.39;6.37;5.21;2.86;5.51;4.04;5.89;4.04;5.85;7.12;0
25;5.39;3.12;8.11;3.14;1.36;3.14;2.47;6.55;1.11;4.89;9.16;2.25;4.81;3.12;4.33;3.57;3.49;3.57;3.89;4.34;1
26;2.57;2.69;5.60;4.43;2.37;4.43;4.01;3.68;4.44;3.32;6.47;2.42;4.86;4.35;3.96;3.48;3.98;3.48;4.10;6.32;1
27;5.64;2.12;5.37;4.41;2.75;4.41;5.54;3.09;4.92;3.95;5.70;2.12;4.36;6.74;3.88;3.15;3.62;3.15;3.86;6.71;1
28;7.24;3.94;4.07;5.31;3.48;5.31;4.74;3.26;6.06;5.42;5.53;3.97;5.66;6.02;3.99;4.41;5.08;4.41;4.64;6.49;0
29;3.06;3.54;4.94;4.84;5.49;4.84;1.29;4.53;4.96;3.89;5.23;4.15;4.34;4.73;3.34;5.08;3.78;5.08;2.95;4.33;0
30;1.56;2.95;7.69;3.75;1.89;3.75;5.58;6.08;1.55;8.83;8.83;2.16;4.82;4.12;3.61;4.18;3.33;4.18;3.24;3.94;1
31;5.48;6.58;0.82;8.29;5.99;8.29;2.45;2.33;9.10;4.61;4.42;6.84;7.88;4.84;2.45;7.98;7.16;7.98;4.40;5.25;0
32;2.35;2.79;5.20;4.80;2.67;4.80;4.69;3.38;4.88;3.77;6.21;2.58;5.01;4.70;3.71;3.81;4.10;3.81;3.97;6.28;0
33;3.23;6.62;2.79;6.29;3.19;6.29;4.83;3.82;6.97;5.45;6.33;6.22;7.95;6.30;4.52;5.79;7.42;5.79;6.34;6.54;0
34;7.97;4.86;4.61;4.91;6.08;4.91;5.26;5.39;5.07;1.05;5.37;5.56;4.94;6.94;3.76;5.71;4.60;5.71;3.54;3.86;0
35;4.64;4.93;4.69;4.82;3.61;4.82;3.25;4.79;5.07;5.77;6.39;4.88;5.94;3.43;4.50;4.73;5.44;4.73;5.02;5.61;1
36;6.69;2.83;4.63;4.34;6.97;4.34;4.57;4.13;5.68;6.44;3.48;4.26;3.05;7.17;3.62;4.40;3.08;4.40;2.60;4.70;0
37;4.53;5.07;3.24;4.45;7.12;4.45;6.78;4.42;7.15;4.21;2.99;6.63;4.42;1.16;5.18;4.45;5.19;4.45;4.92;5.93;0
38;7.81;3.88;4.86;4.68;5.32;4.68;4.42;4.68;5.05;6.56;5.25;4.48;4.53;6.01;3.78;4.87;4.12;4.87;3.48;4.67;0
39;3.09;7.38;6.42;1.73;2.94;1.73;3.92;8.66;3.00;6.13;7.59;7.51;6.03;5.59;8.49;2.72;6.87;2.72;8.47;6.25;0
40;5.27;3.67;4.12;5.92;2.79;5.92;6.53;2.85;5.87;4.30;6.22;3.27;6.10;4.93;3.21;4.90;5.00;4.90;4.15;6.21;0
41;5.23;0.54;6.31;2.79;0.84;2.79;3.56;2.43;4.53;6.14;5.42;0.50;3.30;5.30;5.40;0.27;3.01;0.27;5.02;9.20;0
42;6.18;4.58;7.80;3.26;2.01;3.26;3.83;7.55;1.16;3.14;9.41;3.78;5.50;3.40;4.71;4.36;4.37;4.36;4.47;3.69;1
43;4.63;7.84;3.82;4.23;4.40;4.23;5.24;6.43;5.81;2.37;6.10;8.15;7.08;7.41;6.70;4.79;7.62;4.79;7.60;6.15;0
44;7.84;5.77;1.84;7.67;6.11;7.67;3.20;2.88;8.00;5.89;4.68;6.11;7.00;4.57;2.26;7.65;6.17;7.65;3.61;4.57;0
45;4.90;5.46;3.51;5.83;5.05;5.83;7.60;4.29;6.27;7.29;5.49;5.74;6.23;7.02;3.76;5.95;5.75;5.95;4.49;5.03;0
46;5.19;6.46;2.11;5.93;5.59;5.93;5.28;3.70;8.05;2.77;4.16;7.15;6.69;4.15;4.83;5.58;6.94;5.58;5.96;6.49;0
47;0.65;3.21;5.49;4.49;3.21;4.49;6.01;4.21;4.43;4.60;6.33;3.14;4.87;7.69;3.91;4.02;4.09;4.02;3.94;5.64;1
48;6.94;4.57;4.04;6.06;2.97;6.06;5.71;3.51;5.71;6.10;6.66;4.08;6.65;7.75;3.32;5.49;5.54;5.49;4.44;5.69;0
49;5.68;5.38;3.54;5.58;3.51;5.58;6.84;3.80;6.40;7.38;5.88;5.28;6.68;4.57;4.46;5.00;6.24;5.00;5.58;6.45;0
50;2.29;3.76;4.87;5.05;5.51;5.05;6.57;4.62;4.93;3.36;5.42;4.29;4.57;6.68;3.17;5.41;3.92;5.41;2.89;4.08;1
51;3.24;5.47;7.31;1.67;3.07;1.67;3.76;8.17;2.16;3.71;7.57;5.64;4.77;6.47;7.25;2.58;5.13;2.58;6.58;5.46;0
52;3.58;7.11;3.71;5.17;1.81;5.17;5.94;4.88;5.93;6.44;7.36;6.39;8.20;6.38;5.92;4.69;7.90;4.69;7.74;7.25;0
53;3.77;8.04;4.98;2.88;2.41;2.88;4.25;7.36;4.59;3.34;7.32;7.90;7.28;6.56;8.30;3.21;8.03;3.21;9.22;7.31;0
54;7.11;7.52;2.94;7.18;8.15;7.18;2.39;6.12;6.04;4.71;5.81;8.14;6.95;6.15;2.18;9.44;6.13;9.44;2.82;1.20;0
55;4.39;6.81;2.69;7.55;3.04;7.55;6.12;3.71;6.65;6.76;7.41;5.88;8.80;2.88;2.97;7.47;7.42;7.47;5.19;5.10;0
56;4.38;4.70;4.97;4.54;5.48;4.54;7.56;5.51;4.73;5.99;5.65;5.27;4.88;7.28;4.12;5.19;4.57;5.19;3.87;4.23;0
57;5.16;7.19;3.19;5.54;2.82;5.54;2.95;4.65;6.52;1.95;6.66;6.78;8.04;3.89;5.56;5.18;7.83;5.18;7.30;6.90;0
58;6.89;4.52;7.13;1.95;2.77;1.95;4.36;7.11;2.58;3.06;7.16;4.66;4.47;8.68;6.77;2.28;4.66;2.28;6.13;5.99;1
59;1.91;6.17;3.25;6.34;7.19;6.34;5.60;5.17;6.22;5.70;5.14;6.89;6.07;4.41;2.91;7.58;5.55;7.58;3.30;2.97;0
60;6.18;4.68;2.91;5.19;5.76;5.19;2.62;3.29;7.54;6.11;3.51;5.70;5.14;9.73;4.63;4.50;5.44;4.50;4.99;6.66;0
61;3.23;2.89;3.85;7.24;4.50;7.24;6.27;2.36;5.94;7.76;5.89;2.68;5.64;0.64;0.88;6.82;3.85;6.82;1.54;4.01;0
62;4.62;10.00;2.18;5.00;3.65;5.00;4.84;6.06;7.48;3.04;6.17;10.00;9.14;8.27;7.73;5.18;10.00;5.18;9.88;7.61;0
63;5.37;5.44;5.22;3.97;6.97;3.97;4.73;6.87;4.31;2.27;5.33;6.53;4.42;5.34;4.57;5.52;4.53;5.52;3.80;3.19;0
64;5.37;2.83;3.53;7.26;7.65;7.26;1.03;2.90;6.30;4.39;4.24;3.67;4.34;6.25;0.23;7.77;2.93;7.77;0.00;2.27;0
65;6.51;2.30;5.30;3.79;4.99;3.79;4.75;3.89;5.09;5.23;4.33;3.21;3.22;3.75;4.24;3.19;3.13;3.19;3.42;5.92;0
66;5.22;5.86;4.35;4.91;4.80;4.91;2.62;5.51;5.26;2.96;6.10;6.12;6.08;4.60;4.61;5.45;5.81;5.45;5.05;4.83;0
67;6.93;5.58;4.42;4.74;6.68;4.74;6.43;5.95;5.21;4.81;5.16;6.49;5.05;5.84;4.21;5.87;5.00;5.87;3.95;3.69;0
68;3.77;6.73;4.20;4.75;2.10;4.75;2.63;5.23;5.44;4.24;7.29;6.17;7.61;6.19;5.95;4.44;7.37;4.44;7.38;6.92;0
69;2.80;4.33;3.09;4.54;6.80;4.54;6.27;3.56;7.54;0.98;2.60;5.90;4.15;3.62;5.00;4.00;4.89;4.00;4.77;6.59;0
70;5.53;0.37;5.88;2.29;6.32;2.29;3.52;3.52;5.15;7.23;2.25;2.33;0.70;6.57;4.89;1.26;1.39;1.26;2.78;6.67;0
71;3.41;6.33;2.51;5.65;7.68;5.65;6.39;4.69;7.50;4.06;3.54;7.66;5.61;5.79;4.33;6.27;6.01;6.27;4.62;4.72;0
72;3.93;7.84;2.11;7.09;6.43;7.09;2.69;4.95;7.29;5.67;5.55;8.17;7.81;4.50;3.47;8.11;7.37;8.11;4.89;3.84;0
73;3.55;4.30;6.30;2.52;3.16;2.52;4.82;6.10;3.64;3.48;6.33;4.61;4.49;3.03;6.41;2.44;4.72;2.44;5.96;6.44;1
74;4.94;7.94;6.58;1.26;1.39;1.26;4.18;8.85;2.84;3.94;8.33;7.66;6.75;6.20;9.60;1.87;7.73;1.87;10.00;7.48;0
75;4.40;6.60;3.59;5.30;4.34;5.30;3.13;5.10;6.10;4.64;6.05;6.70;6.93;6.41;5.00;5.51;6.78;5.51;6.01;5.66;0
76;8.00;5.49;4.49;6.83;2.45;6.83;5.12;4.51;4.59;4.36;8.56;4.30;7.82;6.47;2.38;7.13;5.94;7.13;3.90;3.95;0
77;4.80;4.47;3.67;6.29;5.86;6.29;4.90;3.88;6.09;4.00;5.21;4.89;5.54;6.18;2.48;6.58;4.68;6.58;2.83;3.96;0
78;7.78;4.03;4.20;4.70;5.71;4.70;4.86;4.19;5.97;6.40;4.37;4.92;4.48;6.00;4.17;4.58;4.44;4.58;3.96;5.41;0
79;4.67;5.23;3.81;6.10;4.02;6.10;4.12;4.10;5.83;5.71;6.37;5.03;6.65;8.17;3.37;6.06;5.74;6.06;4.36;5.01;0
80;6.91;7.76;2.81;5.56;2.53;5.56;4.89;4.60;6.94;2.96;6.64;7.30;8.52;5.35;6.06;5.05;8.49;5.05;8.11;7.49;0
81;4.56;4.78;6.46;1.57;3.43;1.57;5.75;6.81;3.60;4.15;5.90;5.43;4.16;7.30;7.69;1.57;5.03;1.57;6.98;7.04;1
82;6.15;5.73;3.68;3.21;5.24;3.21;5.18;4.96;6.83;4.53;3.62;6.99;4.93;5.39;7.28;2.68;6.23;2.68;7.31;7.90;1
83;4.58;2.56;5.58;4.58;2.20;4.58;3.64;3.49;4.46;5.39;6.56;2.20;4.94;1.49;3.77;3.55;3.94;3.55;3.99;6.34;1
84;5.96;4.87;6.35;3.62;2.53;3.62;7.09;6.33;3.07;4.72;7.87;4.47;5.68;5.93;5.22;4.00;5.09;4.00;5.33;5.17;0
85;7.85;4.85;4.50;5.69;3.47;5.69;3.76;4.42;5.07;2.47;6.89;4.49;6.42;5.76;3.46;5.68;5.39;5.68;4.27;4.93;0
86;3.60;4.95;4.11;4.30;7.45;4.30;5.21;5.39;5.94;4.37;3.76;6.44;4.12;6.71;4.63;5.03;4.58;5.03;3.99;4.46;0
87;0.91;5.12;3.87;3.37;5.21;3.37;1.89;4.65;6.65;4.56;3.66;6.33;4.65;4.73;6.73;2.77;5.71;2.77;6.64;7.64;1
88;5.55;7.25;4.20;4.88;5.18;4.88;4.11;6.57;5.14;1.66;6.50;7.51;6.75;2.71;5.13;6.04;6.67;6.04;5.74;4.32;1
89;2.96;4.40;5.91;3.96;3.31;3.96;4.79;5.68;3.70;10.00;7.03;4.30;5.27;4.64;4.71;4.20;4.70;4.20;4.69;5.09;1
90;3.26;3.65;3.38;7.47;2.32;7.47;2.43;1.76;6.46;1.75;6.75;2.73;7.12;6.42;1.73;6.24;5.27;6.24;3.39;5.79;1
91;4.73;2.81;4.64;4.68;8.09;4.68;4.68;4.43;5.52;4.62;3.31;4.45;2.75;7.22;2.84;5.29;2.63;5.29;1.55;3.44;0
92;6.26;4.29;5.81;3.99;3.40;3.99;3.79;5.51;3.86;2.43;6.83;4.25;5.18;7.54;4.68;4.14;4.65;4.14;4.64;5.20;1
93;5.86;7.45;4.17;3.95;3.74;3.95;4.52;6.32;5.52;3.44;6.35;7.61;6.96;4.64;6.87;4.27;7.45;4.27;7.74;6.54;0
94;5.28;4.44;3.36;5.16;6.14;5.16;5.43;3.70;6.93;3.12;3.76;5.48;4.81;6.35;4.17;4.87;4.93;4.87;4.24;5.76;0
95;6.82;5.37;3.20;5.84;6.80;5.84;2.88;4.41;6.68;6.31;4.38;6.28;5.48;2.91;3.48;6.35;5.28;6.35;3.73;4.30;1
96;7.76;3.76;4.80;4.91;3.53;4.91;5.38;3.97;5.16;3.65;6.00;3.76;5.31;7.07;3.93;4.41;4.63;4.41;4.24;5.80;0
97;6.67;6.80;2.27;6.75;5.27;6.75;6.40;3.99;7.46;6.01;5.35;6.99;7.46;5.59;3.78;6.87;7.04;6.87;5.24;5.25;0
98;6.56;7.78;1.75;7.00;2.88;7.00;9.15;3.45;8.00;6.66;6.38;7.17;9.18;6.04;4.76;6.31;8.70;6.31;7.33;7.15;0
99;5.39;2.90;4.19;5.81;2.19;5.81;5.42;2.15;6.01;4.02;6.03;2.44;5.82;6.31;3.21;4.24;4.68;4.24;4.15;6.96;1
100;3.30;4.90;2.63;7.51;3.07;7.51;6.18;2.15;7.22;4.84;6.24;4.25;7.60;7.85;2.43;6.53;6.22;6.53;4.30;5.97;0
101;7.59;7.37;6.19;1.88;4.08;1.88;4.82;8.73;3.24;4.91;6.99;7.85;5.64;6.87;8.14;3.18;6.57;3.18;7.85;5.61;0
102;3.65;4.43;6.09;4.50;3.17;4.50;5.36;5.82;3.25;4.86;7.77;4.02;5.62;6.09;3.88;5.05;4.58;5.05;4.00;4.18;1
103;3.62;4.20;6.19;2.65;3.16;2.65;3.99;5.89;3.78;6.60;6.24;4.50;4.50;5.57;6.28;2.48;4.69;2.48;5.87;6.50;1
104;3.10;5.52;5.33;4.23;3.87;4.23;2.69;6.08;4.17;5.02;6.92;5.51;5.87;0.76;4.98;4.80;5.50;4.80;5.22;4.89;1
105;4.24;4.94;4.52;4.75;7.59;4.75;3.64;5.82;5.18;5.52;4.57;6.18;4.29;4.55;3.68;6.02;4.23;6.02;3.00;3.11;0
106;1.77;2.24;3.90;3.08;4.99;3.08;3.72;2.37;7.42;3.41;1.97;3.85;2.83;2.40;6.21;1.04;3.96;1.04;5.57;9.23;0
107;7.11;5.96;2.84;5.42;0.20;5.42;3.93;2.52;7.47;1.76;6.48;5.05;8.30;4.62;6.25;3.19;8.10;3.19;8.63;10.00;0
108;2.97;2.77;3.67;6.35;2.22;6.35;7.72;1.44;6.62;3.58;5.75;2.27;6.03;5.18;2.78;4.52;4.77;4.52;3.96;7.16;1
109;3.11;8.76;3.78;3.76;3.89;3.76;3.70;7.00;5.82;7.19;6.38;9.00;7.60;6.26;7.81;4.33;8.49;4.33;8.93;6.83;0
110;5.74;4.67;4.07;5.70;6.87;5.70;4.30;4.84;5.61;6.68;4.94;5.49;4.93;3.11;2.80;6.58;4.37;6.58;2.63;3.24;0
111;2.86;5.08;4.39;5.19;3.89;5.19;0.76;4.65;5.33;3.33;6.30;5.04;6.12;6.70;4.19;5.17;5.54;5.17;4.82;5.37;1
112;8.59;4.85;3.77;5.27;7.78;5.27;6.21;4.95;6.12;8.16;3.95;6.18;4.45;4.65;3.43;6.17;4.42;6.17;2.99;3.59;0
113;5.79;4.36;3.56;5.04;5.33;5.04;3.43;3.62;6.73;4.94;4.19;5.15;5.03;6.04;4.38;4.52;5.06;4.52;4.60;6.20;0
114;6.94;4.29;7.69;2.72;1.98;2.72;3.78;7.23;1.57;6.57;8.68;3.75;5.04;4.01;5.44;3.39;4.34;3.39;5.04;4.71;1
115;4.86;4.33;7.38;0.49;2.56;0.49;5.52;7.29;2.75;5.03;6.26;4.92;3.66;3.91;8.58;0.32;4.72;0.32;7.55;7.68;1
116;7.10;5.51;2.92;6.49;5.51;6.49;4.23;3.77;6.90;4.05;5.15;5.84;6.44;8.65;3.18;6.57;5.84;6.57;4.09;4.82;0
117;7.46;6.85;4.22;4.52;3.33;4.52;0.05;5.74;5.40;5.73;6.73;6.73;7.07;2.72;5.96;4.68;7.07;4.68;6.97;6.24;0
118;3.61;5.96;5.80;0.74;3.87;0.74;3.47;7.23;4.54;2.07;4.88;7.11;4.28;4.88;9.57;0.59;6.14;0.59;8.91;8.44;1
119;4.16;6.75;3.59;5.50;1.95;5.50;4.52;4.47;6.09;5.34;7.22;6.03;8.10;4.50;5.40;4.94;7.63;4.94;7.22;7.07;0
120;4.32;3.05;5.47;4.89;5.21;4.89;6.34;4.63;4.29;6.36;5.77;3.46;4.17;3.58;2.80;5.25;3.27;5.25;2.28;3.77;0
121;2.91;3.29;4.36;4.28;6.96;4.28;4.94;4.20;5.99;3.63;3.34;4.76;3.30;1.41;4.05;4.29;3.53;4.29;3.18;5.06;0
122;5.44;5.14;2.96;4.35;6.74;4.35;1.91;4.07;7.60;4.17;2.76;6.71;4.57;1.85;5.64;3.97;5.54;3.97;5.57;6.78;0
123;4.10;3.09;5.16;5.09;3.51;5.09;4.40;3.80;4.74;6.20;6.23;3.00;5.00;7.32;3.22;4.63;3.98;4.63;3.36;5.25;1
124;5.24;4.76;3.42;6.69;3.20;6.69;3.94;3.01;6.36;4.01;6.42;4.25;7.02;7.71;2.90;6.04;5.80;6.04;4.29;5.66;1
125;6.41;6.92;5.24;3.25;3.13;3.25;6.95;6.95;4.32;5.28;7.06;6.92;6.50;4.40;7.05;3.72;6.87;3.72;7.56;6.30;0
126;4.32;3.35;4.67;3.86;4.85;3.86;4.43;3.98;5.75;5.75;4.23;4.24;3.96;2.72;4.99;3.17;4.18;3.17;4.59;6.60;0
127;6.21;3.90;5.04;4.91;2.99;4.91;5.95;4.17;4.79;1.76;6.58;3.65;5.60;5.66;3.95;4.45;4.77;4.45;4.39;5.74;1
128;5.08;1.33;6.32;4.12;1.50;4.12;6.27;3.15;3.85;5.88;6.70;0.88;4.22;3.42;3.66;2.70;3.07;2.70;3.55;6.68;1
129;4.05;5.21;3.57;5.84;6.13;5.84;3.76;4.48;6.20;4.33;5.02;5.83;5.65;5.48;3.34;6.32;5.20;6.32;3.67;4.23;0
130;8.78;6.47;4.19;4.60;3.74;4.60;5.37;5.53;5.49;5.59;6.39;6.50;6.71;5.52;5.64;4.76;6.69;4.76;6.47;6.04;0
131;1.42;4.78;7.59;1.71;4.18;1.71;7.72;8.25;1.86;5.61;7.13;5.27;3.91;6.92;6.48;2.98;4.16;2.98;5.27;4.41;0
132;5.00;4.71;5.19;3.41;4.16;3.41;5.93;5.45;4.83;3.67;5.52;5.25;4.83;5.48;5.86;3.32;5.09;3.32;5.69;6.28;1
133;4.81;0.06;5.60;2.02;7.25;2.02;2.82;3.27;5.70;2.72;1.14;2.53;0.00;6.46;5.12;0.88;1.08;0.88;2.67;6.95;0
134;4.95;7.30;5.73;0.69;4.41;0.69;5.38;8.37;4.32;6.34;5.27;8.49;4.84;4.68;10.00;1.26;6.87;1.26;9.43;7.73;1
135;6.15;3.91;3.59;3.79;4.91;3.79;5.39;3.27;7.23;5.56;3.11;5.10;4.26;4.74;6.04;2.46;5.11;2.46;5.99;8.25;0
136;6.26;5.10;4.57;4.83;3.93;4.83;3.34;4.90;5.18;4.50;6.22;5.16;5.92;6.67;4.55;4.84;5.50;4.84;5.03;5.50;1
137;9.24;4.17;4.68;5.31;3.96;5.31;3.11;4.25;5.09;3.18;6.23;4.13;5.60;5.61;3.49;5.20;4.75;5.20;3.88;5.02;0
138;5.89;7.85;2.72;5.81;3.90;5.81;0.98;4.96;6.92;1.93;6.24;7.73;8.15;1.78;5.46;5.88;8.10;5.88;7.19;6.30;0
139;6.10;6.55;5.40;3.07;5.07;3.07;2.92;7.44;4.15;3.59;6.16;7.21;5.39;6.22;6.54;4.19;5.93;4.19;6.30;4.99;0
140;5.00;4.48;6.92;2.85;4.22;2.85;1.98;7.22;2.52;5.01;7.07;4.78;4.34;4.97;5.29;3.88;4.11;3.88;4.47;4.14;0
141;3.65;3.90;4.66;5.31;3.16;5.31;5.30;3.79;5.20;3.74;6.38;3.66;5.76;6.19;3.63;4.76;4.85;4.76;4.21;5.73;0
142;5.62;5.35;4.39;5.21;3.97;5.21;2.56;4.87;5.27;2.95;6.43;5.29;6.26;0.16;4.23;5.34;5.68;5.34;4.89;5.19;0
143;0.33;2.61;4.71;3.87;6.05;3.87;3.30;3.80;5.82;4.57;3.42;3.95;3.03;3.23;4.39;3.35;3.28;3.35;3.47;5.94;0
144;2.32;8.00;4.88;3.08;1.79;3.08;5.03;7.01;4.70;4.06;7.59;7.62;7.62;5.34;8.24;3.16;8.22;3.16;9.42;7.67;0
145;6.32;4.81;4.50;5.76;3.41;5.76;5.52;4.35;5.07;4.49;6.94;4.41;6.45;5.15;3.36;5.74;5.37;5.74;4.20;4.90;1
146;6.20;3.98;3.01;6.69;2.80;6.69;2.86;1.82;7.17;5.22;5.64;3.57;6.72;2.99;3.05;5.20;5.65;5.20;4.53;6.95;1
147;7.34;4.23;3.94;5.73;4.90;5.73;4.51;3.74;5.98;4.67;5.32;4.53;5.49;6.05;3.23;5.55;4.80;5.55;3.63;5.03;0
148;4.68;3.18;4.14;4.76;6.64;4.76;6.15;3.73;6.20;6.68;3.53;4.45;3.62;5.30;3.60;4.60;3.60;4.60;2.98;5.09;0
149;2.91;3.36;3.52;3.95;8.52;3.95;5.28;3.85;7.26;8.54;1.47;5.67;2.55;5.12;4.72;3.79;3.56;3.79;3.52;5.74;0
150;1.69;7.32;3.62;4.75;3.69;4.75;6.48;5.55;6.08;3.61;6.28;7.34;7.34;5.83;6.14;4.85;7.54;4.85;7.34;6.51;0
151;6.11;5.88;3.39;6.76;2.45;6.76;4.83;3.62;6.14;2.05;7.35;4.99;8.05;3.87;3.40;6.32;6.79;6.32;5.26;5.74;0
152;7.42;4.29;4.88;5.24;3.47;5.24;6.04;4.42;4.80;4.79;6.68;4.06;5.83;5.75;3.62;5.13;4.89;5.13;4.10;5.09;0
153;5.51;4.30;8.04;1.44;1.92;1.44;4.44;7.70;1.49;6.30;8.09;4.13;4.39;4.08;6.96;1.90;4.40;1.90;6.18;5.82;1
154;3.81;6.29;4.57;4.66;2.17;4.66;7.75;5.32;5.02;5.85;7.42;5.73;7.27;6.04;5.64;4.47;6.88;4.47;6.84;6.52;0
155;5.42;3.08;4.17;4.17;7.39;4.17;4.82;3.97;6.34;8.11;2.73;4.81;2.94;5.74;4.16;4.05;3.38;4.05;3.14;5.29;0
156;5.40;4.22;4.85;5.08;2.52;5.08;5.16;4.06;4.96;4.81;6.84;3.78;6.09;6.78;4.09;4.48;5.21;4.48;4.83;6.07;0
157;6.47;7.34;2.48;5.89;4.31;5.89;4.36;4.42;7.34;6.53;5.58;7.43;7.72;3.98;5.23;5.74;7.74;5.74;6.82;6.49;0
158;5.85;2.97;5.85;4.39;2.38;4.39;5.05;4.18;4.02;4.78;6.90;2.61;5.01;2.37;3.92;3.76;4.03;3.76;4.04;5.84;1
159;2.27;6.11;4.09;5.22;1.85;5.22;1.61;4.51;5.59;5.70;7.31;5.40;7.59;3.70;5.23;4.64;7.02;4.64;6.76;6.90;0
160;6.19;1.80;6.56;4.77;5.08;4.77;2.64;4.81;3.02;2.82;6.40;2.05;3.39;5.41;1.79;5.38;1.95;5.38;0.77;2.66;0
161;4.58;8.17;2.88;5.53;1.78;5.53;4.13;4.77;6.79;5.03;7.21;7.42;9.06;1.96;6.39;4.96;8.97;4.96;8.72;7.81;1
162;3.01;2.76;4.90;4.73;5.52;4.73;4.56;3.90;5.24;4.00;4.65;3.53;3.80;4.29;3.25;4.56;3.31;4.56;2.69;4.82;0
163;6.83;2.78;4.69;4.97;1.93;4.97;5.26;2.59;5.60;5.21;6.00;2.43;5.40;6.05;4.04;3.34;4.58;3.34;4.70;7.45;0
164;3.81;6.26;4.66;6.94;0.61;6.94;6.91;4.74;4.19;9.01;10.00;4.33;9.10;5.78;2.85;7.06;6.94;7.06;5.06;4.55;0
165;5.87;7.42;3.86;4.56;3.44;4.56;2.29;5.83;5.78;5.88;6.57;7.36;7.40;4.31;6.33;4.73;7.59;4.73;7.52;6.51;0
166;3.84;5.92;4.58;0.94;4.85;0.94;5.42;6.15;6.25;3.05;3.12;7.65;3.97;5.53;9.92;0.22;6.40;0.22;9.31;9.55;1
167;3.55;7.54;3.83;3.07;5.89;3.07;8.28;6.75;6.20;3.90;4.42;8.79;5.68;4.44;7.80;3.65;7.13;3.65;7.89;6.67;1
168;5.17;4.08;3.31;3.60;7.01;3.60;2.94;3.75;7.58;4.00;1.88;6.04;3.41;4.66;6.00;2.86;4.70;2.86;5.36;7.38;0
169;3.84;7.67;2.61;6.15;5.06;6.15;3.75;5.02;6.97;5.22;5.83;7.82;7.75;4.76;4.70;6.63;7.60;6.63;6.15;5.28;1
170;4.51;6.73;2.83;6.46;1.20;6.46;6.47;3.33;6.91;3.77;7.35;5.63;8.91;6.77;4.82;5.34;8.09;5.34;7.30;7.65;0
171;3.96;7.13;1.12;7.93;4.73;7.93;4.64;2.74;8.69;4.08;5.28;6.99;8.53;6.70;3.25;7.49;7.84;7.49;5.52;5.92;1
172;6.29;4.97;3.84;5.71;10.00;5.71;7.75;5.76;5.76;4.99;3.60;6.77;3.85;5.61;2.22;7.73;3.65;7.73;1.22;1.25;0
173;5.96;3.05;3.80;3.77;6.80;3.77;6.10;3.40;7.05;2.40;2.16;4.87;2.95;4.45;5.12;2.96;3.81;2.96;4.27;6.87;0
174;3.46;7.06;5.52;2.98;2.25;2.98;3.81;7.12;4.01;5.82;7.60;6.80;6.80;4.64;7.50;3.30;7.15;3.30;8.16;6.76;0
175;3.75;7.05;3.97;4.66;3.21;4.66;2.80;5.57;5.69;1.64;6.67;6.89;7.31;4.96;6.05;4.70;7.35;4.70;7.24;6.50;0
176;2.27;4.48;4.75;3.81;4.24;3.81;4.03;4.79;5.39;3.42;5.15;5.05;4.87;6.91;5.53;3.44;5.08;3.44;5.50;6.52;1
177;3.17;3.90;3.63;4.28;5.37;4.28;4.82;3.40;6.99;5.07;3.38;5.03;4.33;3.49;5.21;3.34;4.84;3.34;5.13;7.21;0
178;1.51;4.94;3.43;5.48;3.80;5.48;2.81;3.44;6.68;2.34;5.31;5.06;6.24;6.53;4.45;4.70;5.93;4.70;5.40;6.71;1
179;4.97;6.06;3.10;6.34;1.51;6.34;5.46;3.20;6.70;4.00;7.11;5.10;8.32;6.71;4.48;5.22;7.44;5.22;6.64;7.38;0
180;4.84;5.68;5.23;3.85;4.86;3.85;2.84;6.43;4.36;5.14;6.19;6.14;5.37;4.16;5.36;4.66;5.40;4.66;5.26;4.76;0
181;0.47;6.09;3.29;5.75;5.83;5.75;5.11;4.78;6.45;6.55;5.18;6.63;6.25;4.78;4.04;6.23;6.03;6.23;4.68;4.71;0
182;0.62;5.22;4.69;5.14;3.78;5.14;3.64;5.06;4.88;5.09;6.75;5.07;6.22;7.23;4.12;5.36;5.52;5.36;4.72;4.95;1
183;6.92;3.97;6.52;3.99;2.74;3.99;3.93;5.83;2.92;8.24;7.80;3.56;5.24;4.10;4.24;4.33;4.28;4.33;4.16;4.60;1
184;8.00;4.77;4.41;6.12;2.49;6.12;2.00;3.93;5.11;6.08;7.47;3.98;6.99;5.00;3.16;5.79;5.62;5.79;4.38;5.25;0
185;4.29;5.01;2.62;4.46;4.92;4.46;5.08;3.03;8.16;4.14;3.06;6.09;5.30;8.69;6.17;3.09;6.21;3.09;6.74;8.57;0
186;3.96;4.92;4.15;5.82;3.46;5.82;5.86;4.07;5.53;0.66;6.60;4.59;6.53;5.48;3.55;5.60;5.59;5.60;4.50;5.32;0
187;3.73;5.51;4.32;5.35;1.88;5.35;5.08;4.29;5.36;5.59;7.36;4.77;7.29;4.05;4.70;4.74;6.49;4.74;6.08;6.58;0
188;7.11;4.46;3.54;6.23;7.10;6.23;5.33;4.12;6.25;7.21;4.51;5.32;5.00;3.89;2.32;6.87;4.34;6.87;2.31;3.36;0
189;7.14;2.92;4.67;4.08;7.40;4.08;4.71;4.39;5.68;4.94;3.19;4.56;2.78;6.95;3.86;4.27;3.02;4.27;2.65;4.63;0
190;7.36;5.92;3.64;5.16;4.14;5.16;4.20;4.57;6.24;4.05;5.70;6.08;6.52;5.39;4.98;4.99;6.40;4.99;5.87;6.16;1
191;5.10;4.92;3.76;6.13;4.98;6.13;2.26;4.09;5.93;4.68;5.78;5.05;6.09;6.98;3.00;6.30;5.24;6.30;3.66;4.47;0
192;8.73;3.35;3.93;4.46;5.04;4.46;4.51;3.19;6.63;5.85;3.74;4.29;4.22;5.21;4.64;3.48;4.40;3.48;4.52;6.91;0
193;2.38;6.06;6.87;1.60;5.09;1.60;6.81;8.77;2.61;5.44;6.49;6.93;4.27;4.12;7.34;3.15;5.09;3.15;6.25;4.62;0
194;3.50;7.77;0.44;8.39;3.82;8.39;3.39;2.19;9.43;4.67;5.52;7.30;9.55;2.97;3.56;7.50;8.84;7.50;6.52;6.88;0
195;3.81;4.13;5.72;4.08;3.27;4.08;5.67;5.25;4.00;4.92;6.76;4.06;5.18;7.14;4.60;4.07;4.61;4.07;4.62;5.38;1
196;3.66;4.27;4.83;5.99;0.82;5.99;4.34;3.49;4.73;7.97;8.25;2.96;7.29;4.40;3.31;5.09;5.65;5.09;4.81;6.12;0
197;4.44;7.32;6.80;1.45;1.33;1.45;3.44;8.56;2.61;5.66;8.44;6.96;6.49;7.32;9.00;2.00;7.21;2.00;9.29;7.16;0
198;5.91;4.87;6.68;2.91;2.20;2.91;4.54;6.65;2.85;4.76;7.81;4.55;5.43;6.82;6.04;3.17;5.14;3.17;5.99;5.77;0
199;7.33;4.48;5.16;4.97;2.77;4.97;2.65;4.69;4.47;3.31;7.18;4.04;6.08;3.91;4.04;4.79;5.16;4.79;4.65;5.41;0
200;4.68;5.73;4.69;4.33;5.21;4.33;2.61;5.96;4.96;3.78;5.82;6.26;5.52;6.79;5.01;5.04;5.51;5.04;5.06;4.76;0
201;8.77;5.49;5.91;0.75;4.01;0.75;5.25;7.01;4.49;1.82;4.71;6.70;3.93;5.12;9.29;0.54;5.72;0.54;8.46;8.33;1
202;3.48;5.53;2.43;4.05;5.10;4.05;2.20;3.32;8.45;4.15;2.70;6.81;5.32;7.06;6.99;2.67;6.65;2.67;7.56;9.09;1
203;3.89;2.90;3.34;4.11;4.68;4.11;5.78;2.11;7.73;5.65;2.61;4.09;3.91;5.23;5.50;2.17;4.60;2.17;5.47;8.79;0
204;5.22;4.57;5.49;3.81;6.36;3.81;5.03;6.30;4.20;2.36;5.29;5.56;4.06;5.26;4.46;4.90;4.05;4.90;3.61;3.72;0
205;3.35;5.84;2.84;5.43;3.70;5.43;7.08;3.48;7.36;5.26;5.06;6.01;6.81;7.58;5.28;4.50;6.87;4.50;6.56;7.50;0
206;4.61;3.84;3.65;5.95;2.81;5.95;6.83;2.48;6.51;6.05;5.75;3.55;6.22;5.14;3.55;4.65;5.35;4.65;4.65;6.88;1
207;5.72;4.00;3.22;7.32;5.09;7.32;3.14;2.71;6.56;1.43;5.53;3.98;6.12;4.40;1.44;7.12;4.69;7.12;2.31;4.12;0
208;0.30;1.40;7.43;3.29;1.54;3.29;4.75;4.50;2.48;2.95;7.42;0.94;3.78;6.31;4.00;2.52;2.65;2.52;3.40;5.83;1
209;8.53;4.83;5.49;2.50;3.75;2.50;2.09;5.82;4.68;5.23;5.38;5.49;4.58;4.64;7.04;2.21;5.30;2.21;6.71;7.20;1
210;8.61;6.67;2.37;6.38;5.91;6.38;3.90;4.21;7.45;6.37;4.84;7.18;6.93;5.21;4.01;6.63;6.76;6.63;5.13;5.16;1
211;9.63;6.24;6.18;3.01;0.90;3.01;4.17;6.77;3.28;5.66;8.52;5.46;6.85;5.60;7.06;2.99;6.71;2.99;7.83;6.91;0
212;8.36;1.65;5.29;3.21;5.78;3.21;3.84;3.65;5.43;3.19;3.18;3.11;2.20;5.70;4.62;2.40;2.55;2.40;3.29;6.37;0
213;3.69;4.26;3.87;6.19;5.44;6.19;3.76;3.82;5.89;5.94;5.43;4.56;5.54;2.10;2.51;6.36;4.60;6.36;2.88;4.13;0
214;7.10;5.09;3.49;6.09;4.40;6.09;5.14;3.75;6.33;6.92;5.73;5.12;6.41;3.85;3.46;5.88;5.69;5.88;4.39;5.33;0
215;4.21;2.82;5.03;4.30;5.84;4.30;4.76;4.22;5.16;5.77;4.37;3.81;3.47;3.44;3.69;4.22;3.25;4.22;2.90;4.90;0
216;4.12;7.57;2.37;6.36;0.91;6.36;2.28;3.41;7.44;4.40;7.27;6.46;9.50;5.48;5.65;5.08;9.00;5.08;8.47;8.45;0
217;6.34;3.92;5.43;3.01;3.57;3.01;5.05;4.94;4.83;3.54;5.29;4.46;4.37;8.01;6.12;2.39;4.71;2.39;5.82;7.12;1
218;3.65;2.36;4.22;3.99;4.73;3.99;4.86;2.66;6.61;4.24;3.29;3.42;3.49;4.18;4.83;2.51;3.79;2.51;4.44;7.65;0
219;4.22;4.18;3.58;6.76;4.42;6.76;2.20;3.08;6.20;6.59;5.88;4.04;6.21;2.41;2.18;6.47;4.94;6.47;3.07;4.66;0
220;6.94;7.26;4.72;3.86;1.32;3.86;2.48;6.05;4.87;7.62;7.81;6.58;7.78;7.12;7.17;3.59;7.85;3.59;8.58;7.56;0
221;4.06;4.33;6.70;3.10;2.91;3.10;6.21;6.44;2.85;3.13;7.43;4.22;4.92;6.28;5.40;3.48;4.52;3.48;5.08;5.19;1
222;2.16;3.96;4.18;4.67;3.78;4.67;4.67;3.54;6.09;6.92;5.05;4.29;5.21;3.53;4.71;3.76;5.05;3.76;5.08;6.90;0
223;0.24;7.34;3.75;4.44;4.28;4.44;6.57;5.91;5.97;5.41;5.96;7.62;6.94;3.91;6.33;4.76;7.34;4.76;7.24;6.27;0
224;3.10;3.37;7.48;2.85;1.99;2.85;3.70;6.27;2.07;2.41;8.01;2.97;4.56;6.34;5.12;2.99;3.83;2.99;4.63;5.25;1
225;6.46;4.60;4.92;4.98;4.69;4.98;5.18;5.10;4.71;5.17;6.21;4.79;5.38;5.62;3.73;5.41;4.72;5.41;3.82;4.36;0
226;7.18;4.30;3.99;5.71;3.23;5.71;2.25;3.36;5.96;6.85;6.06;4.08;6.20;2.74;3.68;4.96;5.37;4.96;4.59;6.14;0
227;3.47;2.86;6.06;1.62;2.97;1.62;6.72;4.73;4.65;2.67;4.58;3.70;3.21;9.34;7.40;0.29;4.13;0.29;6.57;8.71;1
228;5.20;5.50;5.44;3.82;5.02;3.82;5.16;6.57;4.10;5.45;6.27;5.98;5.17;7.38;5.15;4.77;5.12;4.77;4.90;4.40;0
229;4.29;4.86;5.51;3.44;3.93;3.44;9.95;5.84;4.33;3.99;6.12;5.20;5.02;3.71;5.69;3.60;5.09;3.60;5.55;5.81;1
230;1.43;4.71;5.24;4.78;3.78;4.78;5.38;5.28;4.31;5.11;6.86;4.59;5.71;4.48;4.04;5.10;4.95;5.10;4.30;4.68;1
231;6.23;6.11;2.79;5.50;6.62;5.50;5.61;4.51;7.23;4.17;4.06;7.12;5.82;6.13;4.53;5.80;6.09;5.80;5.00;5.28;0
232;2.05;2.64;6.88;3.88;2.22;3.88;3.54;5.03;2.77;5.00;7.63;2.18;4.58;6.12;3.83;3.68;3.42;3.68;3.54;5.03;0
233;6.17;7.30;5.02;2.90;5.28;2.90;6.25;7.68;4.59;5.49;5.86;8.11;5.67;6.24;7.25;4.05;6.58;4.05;7.13;5.42;0
234;4.02;7.33;2.33;6.23;5.40;6.23;4.64;4.54;7.42;7.82;5.23;7.68;7.45;3.43;4.60;6.48;7.41;6.48;5.97;5.54;0
235;5.89;4.54;4.10;5.82;5.98;5.82;10.00;4.49;5.59;2.71;5.35;5.05;5.28;4.47;2.81;6.36;4.54;6.36;2.92;3.73;0
236;6.41;3.63;5.57;4.82;2.76;4.82;4.16;4.48;4.11;3.88;7.11;3.22;5.48;2.96;3.66;4.56;4.41;4.56;3.96;5.23;1
237;9.05;7.66;2.00;6.42;4.39;6.42;4.57;4.14;7.79;5.60;5.56;7.68;8.18;5.68;4.94;6.25;8.09;6.25;6.82;6.43;0
238;4.97;3.58;4.22;5.11;2.98;5.11;4.65;3.01;6.01;4.54;5.55;3.53;5.54;4.35;4.17;3.91;4.97;3.91;4.82;7.00;1
239;2.97;2.89;5.98;5.73;2.72;5.73;2.88;4.25;3.38;5.88;7.98;2.09;5.52;7.59;1.88;5.79;3.57;5.79;2.17;3.67;1
240;2.46;3.48;7.22;2.91;2.22;2.91;5.14;6.14;2.39;3.69;7.71;3.19;4.57;7.32;5.19;3.00;3.96;3.00;4.73;5.39;1
241;2.89;6.54;2.42;7.09;1.42;7.09;4.50;2.75;7.34;7.25;7.17;5.41;9.05;4.44;4.13;5.86;8.01;5.86;6.77;7.44;0
242;1.90;6.06;3.95;4.90;5.52;4.90;2.30;5.46;5.78;5.21;5.42;6.64;5.90;7.57;4.79;5.48;5.91;5.48;5.14;4.92;0
243;5.16;6.44;3.83;5.37;2.74;5.37;0.70;4.74;5.82;4.99;6.94;5.98;7.52;4.04;5.10;5.12;7.06;5.12;6.52;6.39;0
244;2.90;4.49;3.90;6.06;5.43;6.06;3.41;4.04;5.84;3.79;5.48;4.80;5.60;8.60;2.75;6.29;4.75;6.29;3.12;4.18;0
245;4.49;3.69;5.14;5.27;2.62;5.27;2.92;3.97;4.59;5.08;7.03;3.18;5.82;6.48;3.41;4.79;4.64;4.79;3.99;5.46;1
246;2.45;8.20;1.74;6.67;4.29;6.67;5.82;4.23;7.96;9.38;5.77;8.10;8.68;4.17;4.99;6.57;8.56;6.57;7.13;6.41;0
247;5.47;4.00;5.06;5.02;2.27;5.02;6.28;4.05;4.72;0.53;7.04;3.47;6.02;7.35;4.00;4.39;5.04;4.39;4.71;6.04;0
248;6.34;2.87;5.14;5.62;3.30;5.62;2.41;3.50;4.64;5.00;6.61;2.54;5.23;8.08;2.48;5.17;3.83;5.17;2.78;4.83;1
249;3.25;4.35;4.31;5.01;4.40;5.01;3.25;4.15;5.66;5.96;5.46;4.65;5.37;3.34;4.12;4.73;4.97;4.73;4.42;5.64;1
250;5.48;2.60;5.56;4.18;6.45;4.18;3.30;4.82;4.45;4.91;4.57;3.70;3.02;6.63;3.23;4.63;2.65;4.63;2.05;3.81;0
251;5.90;4.71;6.46;2.97;5.47;2.97;6.28;7.25;3.07;4.40;6.22;5.45;4.03;5.37;5.21;4.24;4.07;4.24;4.20;3.78;0
252;7.96;3.32;7.40;2.42;2.86;2.42;3.34;6.45;2.30;3.36;7.20;3.38;3.95;2.32;5.51;2.65;3.63;2.65;4.66;5.32;1
253;5.27;4.31;4.94;4.24;3.90;4.24;3.18;4.71;5.03;4.43;5.77;4.57;5.13;7.09;4.84;3.97;4.91;3.97;4.94;5.97;1
254;8.56;6.74;2.81;7.06;8.01;7.06;2.25;5.33;6.46;4.70;5.18;7.49;6.47;4.86;2.21;8.78;5.76;8.78;2.75;1.97;0
255;4.19;4.85;4.85;3.20;4.50;3.20;1.77;5.31;5.37;6.20;4.86;5.66;4.66;5.49;6.36;2.93;5.29;2.93;6.15;6.84;1
256;5.56;3.70;4.69;5.59;3.82;5.59;3.64;3.83;5.09;2.78;6.27;3.57;5.52;5.81;2.99;5.33;4.44;5.33;3.39;4.92;1
257;3.62;3.10;4.42;5.99;7.24;5.99;5.05;4.06;5.36;6.37;4.62;4.01;3.98;6.24;1.52;6.72;3.00;6.72;0.94;2.61;0
258;6.13;0.98;7.52;4.14;4.68;4.14;6.14;5.14;2.04;4.95;6.77;1.18;2.70;6.10;1.81;4.77;1.15;4.77;0.35;2.47;0
259;6.47;4.97;3.70;5.59;4.62;5.59;0.90;3.99;6.21;4.48;5.43;5.22;5.98;5.47;3.90;5.39;5.52;5.39;4.56;5.52;0
260;5.67;6.21;3.97;5.41;3.07;5.41;4.69;4.82;5.64;7.97;6.90;5.82;7.26;6.85;4.78;5.32;6.72;5.32;6.03;5.94;0
261;3.02;3.53;4.38;4.46;9.56;4.46;3.61;5.19;5.74;2.50;2.63;5.69;2.48;4.00;3.19;5.65;2.79;5.65;1.60;2.83;0
262;6.43;4.38;5.41;4.50;3.47;4.50;4.45;5.14;4.24;6.45;6.78;4.27;5.48;6.29;4.28;4.59;4.80;4.59;4.46;5.11;1
263;8.57;1.42;4.63;1.55;7.99;1.55;5.45;3.55;6.93;1.51;0.00;4.41;0.28;4.17;6.72;0.32;2.31;0.32;4.43;8.13;0
264;4.45;4.81;5.36;3.97;3.68;3.97;3.54;5.53;4.38;4.67;6.44;4.93;5.38;6.74;5.12;4.10;5.13;4.10;5.20;5.56;1
265;3.85;2.12;5.26;5.34;1.80;5.34;4.35;2.61;4.80;2.71;6.70;1.49;5.24;6.57;2.92;3.98;3.82;3.98;3.44;6.36;1
266;9.41;5.16;3.53;6.43;3.86;6.43;4.10;3.66;6.16;4.17;6.31;4.87;6.85;7.54;3.14;6.20;5.84;6.20;4.31;5.19;0
267;6.05;6.06;4.66;4.31;5.47;4.31;5.29;6.26;4.93;3.72;5.84;6.64;5.60;4.70;5.11;5.22;5.66;5.22;5.14;4.53;0
268;3.34;4.70;6.30;3.26;4.71;3.26;6.43;6.82;3.23;8.82;6.56;5.14;4.50;5.72;5.12;4.23;4.35;4.23;4.45;4.21;0
269;3.10;3.03;7.59;2.70;2.78;2.70;6.17;6.37;2.00;5.32;7.54;2.93;3.95;4.65;4.91;3.03;3.32;3.03;4.05;4.81;1
270;5.71;4.39;5.14;5.92;1.82;5.92;2.93;4.24;4.23;2.66;8.26;3.30;6.92;6.35;2.96;5.69;5.25;5.69;4.07;4.91;0
271;4.74;6.58;3.06;6.88;4.30;6.88;2.14;4.37;6.34;7.02;6.70;6.22;7.78;6.36;3.22;7.22;6.78;7.22;4.76;4.54;1
272;5.71;8.74;3.94;3.74;1.86;3.74;6.23;6.55;5.68;7.65;7.34;8.32;8.40;3.59;8.24;3.65;9.06;3.65;9.94;8.05;0
273;5.89;3.34;5.53;4.61;2.65;4.61;0.87;4.19;4.31;3.98;6.78;3.03;5.24;6.96;3.91;4.07;4.32;4.07;4.15;5.75;1
274;6.48;0.97;5.15;3.08;7.70;3.08;5.24;3.55;5.77;3.34;1.78;3.18;0.94;3.03;4.17;2.54;1.58;2.54;2.13;5.66;0
275;7.13;5.06;3.66;5.74;4.04;5.74;7.15;3.83;6.22;6.00;5.78;5.07;6.35;6.22;3.91;5.38;5.76;5.38;4.80;5.77;0
276;7.48;6.16;5.09;4.12;2.54;4.12;3.15;5.93;4.46;3.71;7.40;5.78;6.74;4.99;5.87;4.22;6.50;4.22;6.66;6.15;0
277;4.51;4.97;5.57;3.68;3.94;3.68;4.71;5.98;4.13;5.71;6.44;5.20;5.21;4.93;5.36;4.03;5.09;4.03;5.27;5.35;1
278;2.79;7.40;2.49;6.02;6.32;6.02;4.40;5.07;7.20;3.56;4.94;8.05;7.01;6.84;4.55;6.71;7.10;6.71;5.56;4.84;0
279;7.24;3.41;5.92;5.46;3.08;5.46;1.33;4.73;3.42;5.58;7.83;2.78;5.56;7.00;2.37;5.74;3.87;5.74;2.60;3.67;1
280;7.73;7.45;1.40;7.25;4.39;7.25;4.66;3.25;8.45;6.00;5.38;7.35;8.49;3.36;4.17;6.80;8.12;6.80;6.36;6.45;0
281;1.50;2.89;5.22;4.79;3.54;4.79;3.41;3.75;4.78;5.80;5.94;2.92;4.70;5.94;3.50;4.20;3.86;4.20;3.50;5.57;1
282;3.49;5.69;3.45;7.34;7.29;7.34;4.58;4.95;5.71;7.88;5.91;6.05;6.26;4.06;1.21;8.94;4.93;8.94;1.67;1.46;0
283;8.51;3.59;5.31;5.12;4.00;5.12;6.89;4.51;4.36;5.56;6.53;3.53;5.12;3.76;3.10;5.21;4.06;5.21;3.16;4.40;0
284;7.90;3.00;3.68;4.15;6.54;4.15;3.09;3.12;7.12;2.94;2.40;4.63;3.24;3.74;4.74;3.26;3.87;3.26;4.09;6.79;0
285;5.28;4.70;7.51;1.64;3.91;1.64;4.31;8.03;2.03;4.20;7.03;5.17;3.94;9.60;6.69;2.67;4.25;2.67;5.55;4.87;1
286;6.07;3.64;4.39;4.26;6.14;4.26;4.56;4.26;5.90;2.85;3.87;4.82;3.84;2.48;4.40;4.12;4.02;4.12;3.83;5.50;0
287;2.51;5.22;5.23;2.66;4.32;2.66;7.07;6.01;4.90;7.26;5.17;6.03;4.67;5.66;6.99;2.61;5.48;2.61;6.67;6.87;1
288;4.21;4.15;4.34;5.33;6.55;5.33;6.67;4.65;5.48;6.34;4.81;5.00;4.55;7.91;3.02;5.94;4.06;5.94;2.70;3.70;0
289;7.53;6.35;3.82;4.94;5.30;4.94;2.57;5.47;5.90;5.71;5.53;6.85;6.19;3.85;4.99;5.46;6.24;5.46;5.51;5.14;0
290;7.90;6.51;3.18;6.77;4.89;6.77;6.92;4.63;6.20;5.62;6.49;6.35;7.44;6.14;3.10;7.37;6.50;7.37;4.39;4.08;0
291;4.27;3.73;8.34;3.36;1.43;3.36;9.19;7.28;0.55;4.16;9.93;2.66;5.27;6.07;4.04;4.35;3.71;4.35;3.70;3.38;1
292;8.00;5.32;3.58;6.13;4.49;6.13;1.68;4.05;6.13;5.04;5.95;5.31;6.53;7.86;3.41;6.13;5.76;6.13;4.34;4.99;0
293;4.06;6.54;3.81;7.43;3.28;7.43;6.55;4.80;5.10;6.22;8.46;5.44;8.46;6.45;2.17;8.19;6.61;8.19;3.96;3.31;0
294;5.66;3.62;5.62;4.79;2.74;4.79;5.59;4.52;4.05;4.94;7.15;3.21;5.47;5.40;3.68;4.54;4.39;4.54;3.96;5.21;1
295;3.90;6.69;3.28;5.67;4.22;5.67;5.36;4.76;6.41;2.06;6.06;6.69;7.23;3.39;4.77;5.76;6.97;5.76;6.00;5.75;0
296;4.58;1.44;4.99;3.39;8.47;3.39;6.56;3.95;5.76;3.59;1.78;3.76;1.08;4.20;3.82;3.33;1.66;3.33;1.75;4.79;0
297;7.70;3.62;5.77;2.51;3.45;2.51;6.26;5.08;4.57;6.73;5.19;4.25;3.96;2.65;6.50;1.80;4.47;1.80;5.97;7.40;1
298;6.97;1.51;4.40;3.71;2.80;3.71;4.34;1.62;6.73;4.72;3.57;2.14;3.61;1.99;5.32;1.15;3.83;1.15;5.24;9.43;0
299;7.56;3.44;5.96;2.61;3.35;2.61;3.96;5.11;4.31;3.46;5.45;3.98;3.95;5.91;6.20;1.98;4.27;1.98;5.64;7.09;1
300;3.87;5.58;3.33;6.74;4.30;6.74;1.78;3.89;6.23;3.33;6.37;5.32;7.10;6.50;2.88;6.81;6.01;6.81;4.13;4.65;0
301;6.11;5.25;4.40;5.36;2.32;5.36;4.24;4.30;5.29;5.20;7.15;4.65;6.95;5.76;4.43;4.88;6.13;4.88;5.60;6.20;0
302;7.94;3.21;4.77;6.30;3.64;6.30;5.19;3.42;4.86;5.87;6.76;2.79;5.67;6.38;1.84;6.08;4.01;6.08;2.36;4.18;1
303;5.13;7.99;4.14;3.92;3.64;3.92;6.46;6.69;5.44;1.55;6.63;8.08;7.31;4.25;7.14;4.41;7.85;4.41;8.14;6.50;0
304;5.32;4.22;4.74;4.88;3.28;4.88;3.74;4.19;5.16;6.13;6.25;4.12;5.68;5.56;4.24;4.42;5.05;4.42;4.72;5.95;1
305;6.23;5.60;3.80;6.57;3.53;6.57;5.57;4.18;5.63;7.04;7.12;5.03;7.32;7.44;2.99;6.66;6.07;6.66;4.32;4.64;0
306;4.11;2.77;5.94;3.70;2.93;3.70;0.83;4.34;4.14;5.55;6.12;2.84;4.29;4.58;4.60;3.01;3.79;3.01;4.31;6.27;1
307;3.81;4.31;3.19;5.04;3.74;5.04;4.54;2.69;7.35;1.95;4.32;4.72;5.65;3.05;5.04;3.59;5.74;3.59;5.84;7.98;0
308;3.65;6.78;4.06;5.07;1.16;5.07;6.49;4.81;5.56;6.88;7.78;5.84;8.20;3.20;5.88;4.43;7.73;4.43;7.72;7.41;0
309;1.36;1.90;5.41;3.70;3.69;3.70;3.43;3.30;5.12;4.39;4.67;2.47;3.46;8.54;4.50;2.47;3.26;2.47;3.96;6.96;0
310;2.42;6.22;6.77;2.04;2.57;2.04;6.14;7.99;2.67;3.42;7.80;6.16;5.63;4.32;7.52;2.78;6.00;2.78;7.37;5.97;0
311;4.89;5.88;4.14;6.09;1.15;6.09;2.90;4.09;5.32;5.04;8.23;4.63;8.20;6.19;4.11;5.51;6.93;5.51;6.02;6.29;0
312;5.86;5.60;3.78;5.59;4.14;5.59;4.15;4.43;5.97;5.10;6.06;5.60;6.56;3.12;4.19;5.55;6.05;5.55;5.09;5.50;1
313;3.90;5.02;6.29;3.69;3.86;3.69;3.88;6.77;3.06;6.53;7.41;5.00;5.27;7.41;4.86;4.63;4.76;4.63;4.62;4.16;1
314;5.21;5.36;4.93;4.45;5.78;4.45;6.03;6.08;4.65;5.38;5.78;5.99;5.11;7.07;4.41;5.45;4.94;5.45;4.18;3.94;0
315;5.38;4.70;5.25;4.78;0.81;4.78;5.22;4.39;4.41;5.11;8.02;3.67;6.91;3.60;4.82;3.96;5.92;3.96;5.99;6.82;0
316;4.76;5.31;5.76;2.04;3.89;2.04;2.67;6.58;4.32;3.83;5.54;6.06;4.56;7.92;7.60;2.06;5.51;2.06;7.14;7.06;1
317;7.74;7.84;4.55;3.36;3.48;3.36;4.39;7.01;5.07;3.82;6.66;7.99;6.98;4.02;7.61;3.84;7.69;3.84;8.39;6.71;0
318;4.36;6.89;2.90;6.26;2.15;6.26;2.33;3.84;6.80;5.25;7.00;6.12;8.52;4.05;4.85;5.56;7.88;5.56;7.00;7.04;0
319;2.84;8.16;1.47;7.09;2.62;7.09;2.51;3.36;8.31;6.17;6.40;7.48;9.56;4.68;5.05;6.26;9.17;6.26;7.87;7.55;0
320;7.83;0.00;10.00;0.44;1.33;0.44;5.71;6.36;0.00;6.46;7.58;0.00;1.46;6.17;5.66;0.00;0.95;0.00;3.49;5.90;1
321;3.22;5.80;6.03;3.13;2.44;3.13;1.99;6.72;3.50;4.99;7.60;5.55;6.03;1.41;6.45;3.45;5.98;3.45;6.73;6.05;0
322;4.78;1.35;5.12;3.96;3.19;3.96;3.63;2.39;5.60;6.10;4.43;1.82;3.48;3.79;4.31;2.16;3.18;2.16;3.95;7.68;0
323;3.18;3.52;4.69;5.30;2.88;5.30;3.24;3.42;5.28;0.74;6.30;3.24;5.63;4.79;3.58;4.48;4.68;4.48;4.16;6.06;1
324;4.26;3.73;6.34;4.11;2.79;4.11;4.90;5.46;3.19;7.37;7.53;3.37;5.14;9.12;4.11;4.26;4.18;4.26;4.04;4.80;1
325;5.29;4.99;4.21;5.22;3.58;5.22;2.94;4.27;5.62;3.52;6.17;4.90;6.21;5.45;4.32;4.91;5.67;4.91;5.08;5.89;0
326;2.96;2.88;4.69;4.37;4.14;4.37;3.79;3.38;5.69;5.04;4.70;3.41;4.24;3.35;4.29;3.42;4.01;3.42;4.15;6.58;0
327;3.01;5.34;4.38;5.02;4.84;5.02;5.78;5.14;5.30;5.55;5.92;5.63;5.80;5.19;4.26;5.41;5.43;5.41;4.60;4.82;0
328;3.15;5.23;5.86;3.53;4.50;3.53;5.31;6.68;3.67;4.51;6.60;5.57;5.05;6.64;5.30;4.38;4.94;4.38;4.97;4.55;0
329;10.00;2.07;5.59;4.10;2.08;4.10;4.26;3.11;4.74;5.88;5.95;1.92;4.43;2.02;4.31;2.62;3.74;2.62;4.34;7.24;1
330;9.16;6.59;4.45;2.95;5.08;2.95;4.47;6.44;5.58;4.34;4.90;7.57;5.36;5.94;7.40;3.27;6.47;3.27;7.38;6.73;1
331;7.70;5.25;3.62;5.85;5.85;5.85;5.96;4.48;6.13;7.28;5.21;5.76;5.79;6.96;3.38;6.27;5.29;6.27;3.80;4.33;0
332;0.23;2.29;5.12;3.71;4.23;3.71;6.42;3.46;5.41;2.23;4.33;3.05;3.48;2.59;4.68;2.63;3.48;2.63;4.11;6.88;0
333;7.23;5.80;2.76;5.64;4.46;5.64;4.42;3.57;7.39;5.57;4.81;6.14;6.59;6.27;4.83;4.99;6.59;4.99;5.95;6.84;1
334;7.06;4.48;4.14;5.63;6.84;5.63;2.19;4.75;5.58;5.62;4.87;5.31;4.79;6.65;2.79;6.44;4.23;6.44;2.56;3.32;0
335;4.80;3.24;6.99;3.68;2.24;3.68;4.36;5.64;2.53;4.69;7.92;2.75;4.83;6.12;4.22;3.76;3.78;3.76;3.96;4.87;1
336;4.97;3.53;4.45;5.57;4.35;5.57;3.75;3.60;5.47;5.47;5.66;3.66;5.19;2.48;2.99;5.23;4.28;5.23;3.26;5.04;1
337;4.21;6.10;2.62;5.17;8.11;5.17;5.63;4.79;7.54;6.69;2.99;7.74;5.04;6.76;4.72;5.77;5.74;5.77;4.69;4.93;0
338;7.03;5.80;5.03;4.23;3.16;4.23;7.20;5.77;4.57;5.37;6.98;5.63;6.33;5.40;5.48;4.41;6.07;4.41;6.06;5.78;1
339;5.76;3.61;5.25;4.48;1.77;4.48;4.94;3.83;4.75;5.16;6.81;3.12;5.70;3.73;4.61;3.43;4.95;3.43;5.22;6.94;0
340;5.83;4.96;6.78;3.07;2.93;3.07;4.25;7.03;2.59;5.92;7.84;4.76;5.27;4.75;5.58;3.80;4.88;3.80;5.34;4.83;1
341;5.65;3.91;4.34;5.36;2.97;5.36;2.66;3.37;5.67;5.04;6.09;3.68;5.87;5.52;3.85;4.48;5.08;4.48;4.59;6.35;1
342;2.12;6.16;2.66;4.44;7.38;4.44;4.27;4.73;7.74;3.26;2.76;7.85;4.99;3.96;5.91;4.54;6.13;4.54;5.93;6.32;0
343;2.51;2.77;6.16;4.88;3.36;4.88;6.05;4.61;3.41;3.56;7.19;2.45;4.74;3.75;2.71;4.97;3.33;4.97;2.53;4.06;0
344;2.49;4.17;4.13;5.69;2.99;5.69;3.18;3.33;5.80;7.19;6.24;3.85;6.20;4.12;3.63;4.89;5.29;4.89;4.54;6.16;1
345;7.41;5.69;1.01;8.06;3.76;8.06;7.44;1.17;9.21;2.73;4.84;5.42;8.13;4.45;2.92;6.57;7.26;6.57;5.29;7.19;1
346;5.15;5.72;4.93;4.66;1.85;4.66;4.77;5.16;4.65;1.88;7.67;5.03;7.05;5.35;5.28;4.38;6.43;4.38;6.38;6.38;0
347;5.63;5.73;2.28;6.97;6.06;6.97;5.35;3.37;7.60;5.10;4.65;6.20;6.61;3.99;2.90;7.02;6.04;7.02;3.97;4.78;0
348;3.46;4.64;3.00;4.65;3.28;4.65;5.06;2.65;7.69;5.61;4.13;5.08;5.83;9.44;5.94;2.87;6.27;2.87;6.90;9.01;0
349;6.58;3.34;3.47;4.08;6.39;4.08;6.60;3.12;7.38;2.66;2.33;4.97;3.47;8.53;5.14;3.09;4.26;3.09;4.63;7.21;0
350;6.44;2.15;5.63;4.51;2.00;4.51;4.76;3.17;4.51;5.42;6.42;1.80;4.73;3.98;3.76;3.23;3.72;3.23;3.92;6.65;1
351;5.08;7.64;3.82;4.65;2.85;4.65;5.15;5.76;5.79;4.93;6.94;7.34;7.81;5.70;6.47;4.68;7.93;4.68;7.91;6.81;0
352;2.63;3.76;4.88;4.90;3.49;4.90;4.19;4.03;5.05;4.77;6.10;3.73;5.32;3.31;3.90;4.44;4.60;4.44;4.20;5.72;0
353;4.49;5.49;8.98;0.00;2.61;0.00;4.08;10.00;0.27;4.64;8.46;5.67;4.06;7.93;8.47;1.48;4.70;1.48;7.10;5.14;0
354;3.73;2.61;4.77;5.16;3.66;5.16;5.65;3.04;5.40;5.10;5.48;2.71;4.69;5.18;3.20;4.26;3.82;4.26;3.33;5.89;1
355;2.76;4.52;6.07;3.68;3.55;3.68;5.29;6.05;3.52;3.27;6.97;4.54;5.09;3.81;4.96;4.09;4.66;4.09;4.77;4.96;0
356;6.70;6.91;3.24;5.38;5.45;5.38;5.85;5.29;6.46;2.87;5.42;7.38;6.71;4.49;4.95;5.90;6.78;5.90;5.78;5.23;0
357;3.32;3.62;4.16;4.25;4.39;4.25;3.07;3.48;6.32;2.99;4.25;4.34;4.53;4.72;5.03;3.24;4.71;3.24;5.05;7.17;0
358;3.52;7.25;1.21;7.56;5.70;7.56;5.44;3.24;8.63;2.75;4.77;7.51;8.01;4.73;3.47;7.48;7.61;7.48;5.35;5.50;0
359;0.00;4.44;4.29;6.22;2.31;6.22;4.57;3.47;5.35;4.27;7.29;3.63;6.93;6.05;3.04;5.62;5.52;5.62;4.31;5.58;0
360;6.87;7.52;3.32;5.44;2.02;5.44;5.54;4.81;6.31;3.29;7.23;6.82;8.51;2.80;5.91;5.00;8.25;5.00;7.91;7.26;0
361;2.36;4.03;4.56;5.62;4.39;5.62;6.50;4.11;5.17;6.51;6.10;4.05;5.50;4.22;2.99;5.63;4.52;5.63;3.32;4.56;0
362;0.71;4.00;5.42;4.87;3.02;4.87;2.67;4.68;4.22;5.05;7.07;3.65;5.63;7.50;3.75;4.76;4.63;4.76;4.09;5.09;1
363;3.42;2.84;4.08;4.97;4.89;4.97;6.31;2.86;6.37;7.62;4.12;3.56;4.24;7.48;3.71;4.01;3.96;4.01;3.63;6.31;0
364;3.97;2.91;5.67;4.63;6.62;4.63;6.44;5.20;4.05;8.22;5.19;3.81;3.37;7.00;2.59;5.55;2.65;5.55;1.49;2.79;0
365;7.53;3.16;6.64;3.76;2.82;3.76;5.89;5.38;3.01;3.67;7.28;2.93;4.59;2.35;4.18;3.79;3.71;3.79;3.83;4.95;1
366;4.48;1.92;5.50;3.71;8.02;3.71;6.71;4.72;4.80;4.56;3.12;3.78;1.71;4.72;3.29;4.23;1.80;4.23;1.40;3.66;0
367;5.69;6.09;3.60;5.39;1.15;5.39;3.12;3.74;6.29;3.35;7.10;5.24;7.97;5.47;5.54;4.19;7.48;4.19;7.45;8.02;0
368;0.72;4.29;4.31;5.64;5.09;5.64;2.14;4.26;5.45;2.47;5.67;4.57;5.39;5.91;3.05;5.84;4.60;5.84;3.29;4.35;0
369;4.93;4.15;3.82;6.12;4.59;6.12;2.35;3.43;6.05;4.32;5.58;4.25;5.77;2.58;2.83;5.84;4.84;5.84;3.44;4.97;0
370;6.90;5.90;2.94;6.60;2.55;6.60;5.30;3.19;6.85;3.34;6.63;5.23;7.94;6.38;3.92;5.77;7.03;5.77;5.84;6.63;0
371;9.05;6.48;4.08;2.17;5.47;2.17;2.55;6.13;6.41;3.94;3.57;8.00;4.72;7.18;8.61;1.99;6.60;1.99;8.34;8.13;1
372;4.31;0.80;7.54;2.84;1.45;2.84;9.20;4.15;2.61;3.13;6.90;0.53;3.21;7.89;4.36;1.69;2.31;1.69;3.54;6.52;1
373;7.21;3.02;3.17;6.81;2.34;6.81;2.27;1.10;7.14;3.41;5.60;2.50;6.39;4.52;2.57;4.90;5.08;4.90;4.00;7.22;0
374;5.48;4.49;2.72;4.52;8.20;4.52;4.40;3.72;7.99;5.61;1.67;6.58;3.68;6.75;4.98;4.29;4.73;4.29;4.43;6.15;0
375;7.51;0.57;9.24;2.13;5.67;2.13;1.56;7.15;0.24;5.27;6.65;1.40;0.95;4.35;2.93;3.62;0.00;3.62;0.15;1.63;0
376;5.07;6.76;4.90;3.99;3.36;3.99;2.34;6.46;4.61;5.91;7.07;6.66;6.71;6.18;6.16;4.48;6.74;4.48;6.84;5.80;0
377;6.44;7.04;3.56;5.20;4.28;5.20;5.99;5.39;6.07;3.96;6.18;7.12;7.16;5.88;5.33;5.51;7.11;5.51;6.42;5.73;0
378;4.67;4.08;4.63;5.52;1.09;5.52;2.27;3.24;5.22;7.80;7.42;3.12;6.83;3.71;3.97;4.30;5.63;4.30;5.29;6.95;0
379;7.02;3.85;5.75;4.46;3.27;4.46;7.22;5.03;3.89;4.31;6.97;3.66;5.22;4.87;3.96;4.51;4.35;4.51;4.01;4.94;1
380;2.95;4.52;3.16;5.16;8.27;5.16;1.96;4.19;7.11;6.45;2.74;6.25;4.00;4.60;3.77;5.56;4.38;5.56;3.25;4.52;0
381;5.35;6.32;2.70;5.57;8.40;5.57;5.37;5.11;7.22;4.23;3.43;7.85;5.27;5.60;4.10;6.59;5.68;6.59;4.11;3.98;0
382;3.18;6.31;4.42;4.85;1.81;4.85;6.86;5.05;5.19;5.84;7.54;5.61;7.53;5.12;5.58;4.48;7.06;4.48;6.99;6.78;0
383;8.26;4.36;5.07;4.81;5.43;4.81;5.82;5.31;4.58;5.53;5.83;4.83;4.84;5.45;3.58;5.47;4.27;5.47;3.32;3.89;0
384;5.19;4.28;3.77;4.65;4.96;4.65;3.60;3.70;6.58;5.00;4.23;5.05;4.92;7.95;4.83;3.98;5.08;3.98;5.00;6.65;1
385;4.74;6.57;4.00;4.78;3.51;4.78;3.14;5.31;5.71;5.04;6.44;6.50;6.97;4.85;5.63;4.80;6.91;4.80;6.65;6.26;0
386;2.93;5.93;3.20;6.29;4.02;6.29;4.76;3.97;6.50;5.23;6.15;5.75;7.19;6.11;3.78;6.14;6.48;6.14;5.10;5.51;0
387;4.94;5.54;3.76;5.62;5.11;5.62;3.30;4.66;5.95;3.18;5.65;5.84;6.14;7.35;3.88;5.92;5.69;5.92;4.49;4.80;0
388;3.89;6.17;6.44;2.19;3.21;2.19;3.02;7.76;3.10;4.52;7.23;6.35;5.43;1.40;7.37;2.93;5.90;2.93;7.14;5.90;0
389;3.47;0.49;5.21;2.60;7.12;2.60;4.74;3.11;5.98;8.62;1.42;2.77;0.63;3.90;4.79;1.49;1.51;1.49;2.71;6.79;0
390;5.77;4.73;5.15;4.53;4.67;4.53;4.23;5.48;4.49;5.29;6.20;5.00;5.22;3.21;4.22;5.03;4.76;5.03;4.18;4.51;0
391;6.53;4.62;6.81;2.55;5.72;2.55;2.98;7.68;2.70;4.05;6.16;5.51;3.65;4.78;5.44;4.01;3.82;4.01;4.14;3.58;1
392;4.97;3.32;5.69;5.61;3.50;5.61;4.70;4.52;3.72;4.39;7.45;2.84;5.41;7.64;2.19;5.89;3.77;5.89;2.37;3.59;0
393;4.85;5.98;2.97;5.99;7.88;5.99;4.26;4.95;6.78;4.89;4.13;7.15;5.49;6.20;3.36;7.04;5.41;7.04;3.48;3.48;0
394;7.73;5.62;2.44;6.92;6.24;6.92;3.64;3.52;7.40;4.34;4.68;6.14;6.45;5.43;2.78;7.10;5.84;7.10;3.71;4.49;0
395;6.16;4.16;6.57;3.85;2.90;3.85;4.56;6.10;2.84;3.09;7.79;3.81;5.22;7.26;4.41;4.33;4.35;4.33;4.27;4.51;0
396;2.61;4.76;4.16;5.92;3.58;5.92;3.30;3.99;5.52;4.85;6.56;4.45;6.45;3.87;3.33;5.73;5.43;5.73;4.23;5.15;0
397;3.62;8.31;2.77;5.13;3.80;5.13;8.28;5.40;6.97;4.13;6.03;8.34;8.11;6.32;6.53;5.16;8.53;5.16;8.20;7.00;0
398;3.77;6.75;2.74;6.30;2.70;6.30;4.13;3.72;7.03;5.77;6.55;6.19;8.24;3.79;4.71;5.64;7.69;5.64;6.72;6.91;0
399;4.33;7.58;4.01;4.44;2.01;4.44;6.08;5.70;5.61;5.13;7.31;7.06;8.00;5.73;6.81;4.21;8.10;4.21;8.40;7.37;0
